title,tag,image_url,sale,gift,best,new,product_url,price,price_sale
더마스크 워터젯 바이탈 하이드라 솔루션,#수분솔루션마스크,https://image.drjart.com/img/001/1565765693697.png,,,,NEW,https://www.drjart.com/ko/prd/view/607?activeTopGnb=all,"20,000",0
닥터자르트 더마스크 마이크로젯 클리어링 솔루션,#민감솔루션마스크,https://image.drjart.com/img/001/1573461437247.png,,,,,https://www.drjart.com/ko/prd/view/21145?activeTopGnb=all,"25,000",0
더마스크 마이크로젯 브라이트닝 솔루션,#미백솔루션마스크,https://image.drjart.com/img/001/1570145885666.png,SALE,,,,https://www.drjart.com/ko/prd/view/21116?activeTopGnb=all,"25,000"," 20,000"
더마스크 인트라젯 퍼밍 솔루션,#탄력솔루션마스크,https://image.drjart.com/img/001/1570145750776.png,,,,,https://www.drjart.com/ko/prd/view/11116?activeTopGnb=all,"25,000",0
더마스크 인트라젯 링클리스 솔루션,#주름솔루션마스크,https://image.drjart.com/img/001/1570144970618.png,,,,,https://www.drjart.com/ko/prd/view/1116?activeTopGnb=all,"25,000",0
포커스팟 포어 멜팅 패치,#블러필터마스크,https://image.drjart.com/img/001/1587006150530.png,,,,,https://www.drjart.com/ko/prd/view/887?activeTopGnb=all,"35,000",0
포커스팟 링클 멜팅 패치,#동안필터마스크,https://image.drjart.com/img/001/1587006461793.png,,,,,https://www.drjart.com/ko/prd/view/886?activeTopGnb=all,"25,000",0
포커스팟 다크 멜팅 패치,#미백필터마스크,https://image.drjart.com/img/001/1587006192331.png,,,,,https://www.drjart.com/ko/prd/view/885?activeTopGnb=all,"25,000",0
더마스크 울트라 젯 필링 솔루션,#필링솔루션마스크,https://image.drjart.com/img/001/1587006505969.png,,,,,https://www.drjart.com/ko/prd/view/877?activeTopGnb=all,"25,000",0
더마스크 쉐이킹 러버 하이드로 샷,#물광생기샷,https://image.drjart.com/img/001/1508843641970.png,,,,,https://www.drjart.com/ko/prd/view/819?activeTopGnb=all,"8,000",0
더마스크 쉐이킹 러버 수딩 샷,#쿨링진정샷,https://image.drjart.com/img/001/1565766797140.png,,,,,https://www.drjart.com/ko/prd/view/820?activeTopGnb=all,"8,000",0
더마스크 쉐이킹 러버 루미너스 샷,#백옥바탕샷,https://image.drjart.com/img/001/1508842817281.png,,,,,https://www.drjart.com/ko/prd/view/821?activeTopGnb=all,"8,000",0
더마스크 워터 젯 바이탈 하이드라 슬리핑 마스크,#한밤수분UP,https://image.drjart.com/img/001/1508846517538.png,,,,,https://www.drjart.com/ko/prd/view/817?activeTopGnb=all,"24,000",0
더마스크 인트라 젯 퍼밍 슬리핑 마스크,#한밤탄력UP,https://image.drjart.com/img/001/1508843937437.png,,,,,https://www.drjart.com/ko/prd/view/818?activeTopGnb=all,"24,000",0
더마스크 울트라 젯 포렉팅 솔루션,#모공솔루션마스크,https://image.drjart.com/img/001/1587003427910.png,,,,,https://www.drjart.com/ko/prd/view/805?activeTopGnb=all,"20,000",0
더마스크 워터젯 수딩 하이드라 솔루션,#진정솔루션마스크,https://image.drjart.com/img/001/1565765728700.png,,,,,https://www.drjart.com/ko/prd/view/608?activeTopGnb=all,"20,000",0
